Keyword;Volume;KD;;;;;;;;;;;;;;;;;;
goedkope schutting;1500;20;;;;;;;;;;;;;;;;;;
schutting plaatsen kosten;1100;2;;;;;;;;;;;;;;;;;;
schutting kopen en plaatsen;600;26;;;;;;;;;;;;;;;;;;
schutting laten plaatsen kosten;450;2;;;;;;;;;;;;;;;;;;
wat kost een schutting;400;1;;;;;;;;;;;;;;;;;;
kosten schutting;400;2;;;;;;;;;;;;;;;;;;
schutting inclusief plaatsen;300;4;;;;;;;;;;;;;;;;;;
schutting goedkoop;300;21;;;;;;;;;;;;;;;;;;
kosten schutting plaatsen;250;3;;;;;;;;;;;;;;;;;;
schutting kosten;200;5;;;;;;;;;;;;;;;;;;
kosten beton schutting per meter inclusief plaatsen;150;2;;;;;;;;;;;;;;;;;;
nieuwe schutting kosten;100;6;;;;;;;;;;;;;;;;;;
wat kost een schutting per meter;100;2;;;;;;;;;;;;;;;;;;
goedkope schutting plaatsen;100;12;;;;;;;;;;;;;;;;;;
wat kost een schutting plaatsen;90;2;;;;;;;;;;;;;;;;;;
goedkoopste schutting;90;36;;;;;;;;;;;;;;;;;;
kosten schutting per meter;90;2;;;;;;;;;;;;;;;;;;
wat kost een schutting laten plaatsen;90;2;;;;;;;;;;;;;;;;;;
wat kost schutting plaatsen;80;4;;;;;;;;;;;;;;;;;;
goedkope schutting inclusief plaatsen;80;3;;;;;;;;;;;;;;;;;;
schutting laten plaatsen goedkoop;80;24;;;;;;;;;;;;;;;;;;
kosten nieuwe schutting;70;7;;;;;;;;;;;;;;;;;;
hoeveel kost een schutting;70;2;;;;;;;;;;;;;;;;;;
prijs schutting per meter;70;5;;;;;;;;;;;;;;;;;;
schutting prijs;70;5;;;;;;;;;;;;;;;;;;
schutting prijs per meter;60;1;;;;;;;;;;;;;;;;;;
hoe duur is een schutting;60;2;;;;;;;;;;;;;;;;;;
wat kost een nieuwe schutting;60;4;;;;;;;;;;;;;;;;;;
gratis schutting plaatsen;50;0;;;;;;;;;;;;;;;;;;
kosten plaatsen schutting;50;3;;;;;;;;;;;;;;;;;;
prijs schutting;50;5;;;;;;;;;;;;;;;;;;
goedkope betonnen schutting;40;3;;;;;;;;;;;;;;;;;;
betonnen schutting plaatsen kosten;40;0;;;;;;;;;;;;;;;;;;
schutting vervangen kosten;30;4;;;;;;;;;;;;;;;;;;
wat kost een schutting plaatsen per meter;30;2;;;;;;;;;;;;;;;;;;
schutting prijzen;30;7;;;;;;;;;;;;;;;;;;
wat kost een houten schutting;30;2;;;;;;;;;;;;;;;;;;
goedkoop schutting laten plaatsen;30;14;;;;;;;;;;;;;;;;;;
schutting zetten kosten;30;2;;;;;;;;;;;;;;;;;;
hoeveel kost schutting plaatsen;30;2;;;;;;;;;;;;;;;;;;
betonschutting prijs;30;1;;;;;;;;;;;;;;;;;;
kosten schutting laten plaatsen;30;4;;;;;;;;;;;;;;;;;;
schutting kosten per meter;30;2;;;;;;;;;;;;;;;;;;
prijs schutting plaatsen;30;5;;;;;;;;;;;;;;;;;;
wat kost een betonnen schutting;20;2;;;;;;;;;;;;;;;;;;
schuttingen goedkoop;20;30;;;;;;;;;;;;;;;;;;
kosten schutting plaatsen per meter;20;2;;;;;;;;;;;;;;;;;;
wat kost schutting per meter;20;2;;;;;;;;;;;;;;;;;;
wat kost het plaatsen van een schutting;20;5;;;;;;;;;;;;;;;;;;
kosten schutting per meter inclusief plaatsen;20;1;;;;;;;;;;;;;;;;;;
schutting betonpalen prijs;20;13;;;;;;;;;;;;;;;;;;
plaatsen schutting kosten;20;5;;;;;;;;;;;;;;;;;;
schuttingen plaatsen kosten;20;3;;;;;;;;;;;;;;;;;;
gemiddelde kosten schutting;20;2;;;;;;;;;;;;;;;;;;
goedkope tuinschutting;10;20;;;;;;;;;;;;;;;;;;
hout beton schutting plaatsen prijs;10;0;;;;;;;;;;;;;;;;;;
beton schutting prijs per meter;10;0;;;;;;;;;;;;;;;;;;
houten schutting prijs;10;12;;;;;;;;;;;;;;;;;;
prijzen schutting;10;5;;;;;;;;;;;;;;;;;;
kosten schutting inclusief plaatsen;10;4;;;;;;;;;;;;;;;;;;
betonnen schutting prijs;10;0;;;;;;;;;;;;;;;;;;
stenen schutting kosten;10;0;;;;;;;;;;;;;;;;;;
wat kost het om een schutting te laten plaatsen;10;2;;;;;;;;;;;;;;;;;;
goedkope tuin schutting;10;29;;;;;;;;;;;;;;;;;;
wat kost een schutting gemiddeld;10;2;;;;;;;;;;;;;;;;;;
wat kost een schutting met betonpalen plaatsen;;0;;;;;;;;;;;;;;;;;;
tuinschutting prijzen;;3;;;;;;;;;;;;;;;;;;
kosten schutting met betonpalen;;10;;;;;;;;;;;;;;;;;;
