Keyword;Volume;KD
wat kost een thuisbatterij;3500;7
kosten thuisbatterij;1700;6
thuisbatterij kosten;700;4
thuisaccu 100 kwh prijs;700;0
batterij zonnepanelen prijs;700;3
thuisbatterij prijs;500;6
thuisbatterij zonnepanelen prijs;500;4
wat kost thuisbatterij;400;6
accu zonnepanelen prijs;350;5
thuisbatterij 50 kwh prijs;300;1
thuisaccu 1000 kwh prijs;300;0
thuisaccu 50 kwh prijs;250;1
wat kost een accu voor zonnepanelen;250;7
wat kost een batterij voor zonnepanelen;250;8
prijs thuisbatterij;250;5
batterij opslag zonnepanelen prijs;200;4
wat kost een thuisbatterij van 10 kwh;200;2
wat kost een thuisaccu;200;8
kosten thuisaccu;200;6
wat kost een thuisaccu voor zonnepanelen;150;7
hoeveel kost een thuisbatterij;150;5
wat kost een thuisbatterij voor zonnepanelen;150;5
thuisbatterij 5 kwh prijs;150;0
batterij voor zonnepanelen prijs;150;9
thuisbatterij 10 kwh prijs;150;2
kosten batterij zonnepanelen;100;7
zonnepanelen accu prijs;100;6
wat kost een thuis batterij;100;6
thuis accu kosten;100;4
prijs thuisaccu;100;5
wat kost een thuisbatterij zonnepanelen;100;6
thuisaccu prijs;100;4
zonnepanelen batterij prijs;90;8
kosten thuisbatterij zonnepanelen;90;5
kosten accu zonnepanelen;90;6
wat kost een thuisbatterij van 10 kw;90;2
zonneplan thuisbatterij prijs;90;2
wat kost een thuisbatterij van 50 kw;80;2
prijsontwikkeling thuisbatterij;80;3
thuisaccu kosten;80;6
hoe duur is een thuisbatterij;80;4
thuis accu prijs;70;4
wat kost een thuis accu;70;6
wat kost accu voor zonnepanelen;60;5
thuisaccu 100 kwh kosten;60;0
wat kost thuisbatterij zonnepanelen;60;6
thuisbatterij leasen prijs;60;0
thuisaccu 10 kwh prijs;60;1
wat kost batterij voor zonnepanelen;60;8
prijs thuisbatterij 10kwh;60;1
kosten thuis batterij;50;4
thuisbatterij offerte;50;0
offerte thuisbatterij;50;0
zonnepaneel batterij prijs;50;6
opslag batterij zonnepanelen prijs;50;4
wat kosten thuisbatterijen;50;6
prijs accu zonnepanelen;50;4
wat kost een thuisbatterij van 50 kw?;50;2
zonnebatterij prijs;50;8
1 mw batterij prijs;50;0
prijs batterij zonnepanelen;50;6
thuisbatterij voor zonnepanelen prijs;50;4
wat kost een 10 kwh thuisbatterij;40;1
thuis batterij kosten;40;4
kosten thuisaccu 10 kwh;40;1
wat kost een thuisbatterij van 10 kw?;40;1
prijs thuisbatterij zonnepanelen;40;4
accu voor zonnepanelen kosten;40;4
zonne accu prijs;40;5
thuisbatterij kopen prijs;40;6
zonnepanelen met batterij prijs;30;3
batterijen zonnepanelen prijs;30;6
thuisbatterij belgie prijs;30;4
kosten thuis accu;30;4
kosten thuisaccu zonnepanelen;30;8
wat kost een opslag batterij voor zonnepanelen;30;9
zonnepanelen met thuisbatterij prijs;30;6
accu zonnepanelen kosten;30;4
wat kosten accu's voor zonnepanelen;30;6
wat kost een accu om stroom op te slaan;20;9
wat kost een batterij;20;5
wat kost thuisaccu;20;6
hoeveel kost een batterij voor zonnepanelen;20;8
hoeveel kost een thuisaccu;20;4
thuisbatterij prijs per kwh;20;4
wat kost batterij zonnepanelen;20;8
thuisaccu zonnepanelen prijs;20;7
wat kost een zonnebatterij;20;12
wat kost een batterij om zonne energie op te slaan;20;9
wat kosten batterijen voor zonnepanelen;20;6
zonnepanelen thuisbatterij prijs;20;4
wat kost een thuisbatterij van 5 kw;20;0
accu opslag zonnepanelen prijs;20;7
zonne-energie opslaan kosten;10;4
prijs thuisaccu 100 kwh;10;0
thuisbatterijen prijs;10;3
prijs zonnebatterij;10;5
wat kosten thuisbatterijen voor zonnepanelen;10;5
wat kost accu zonnepanelen;10;5
kiwatt kosten;10;0
wat kost een accu om zonne energie op te slaan;10;9
zonnepanelen accu opslag kosten;10;8
wat kost een accu voor opslag zonne energie;10;9
wat kosten zonnepanelen met batterij;10;6
prijs zonnepanelen met batterij;10;3
zonnepanelen accu kosten;10;4
batterijen voor zonnepanelen prijs;10;3
hoeveel kost een accu voor zonnepanelen;10;5
kosten accu opslag zonne energie;10;6
accu voor zonnepanelen prijs;0;6
prijs thuisbatterij voor zonnepanelen;0;4
kosten zonnebatterij;0;13
